{
  "project_info": {
    "project_number": "712156099127",
    "project_id": "finalandroidassignment-296c2",
    "storage_bucket": "finalandroidassignment-296c2.appspot.com"
  },
  "client": [
    {
      "client_info": {
        "mobilesdk_app_id": "1:712156099127:android:a46caf54aa0f19e81105b2",
        "android_client_info": {
          "package_name": "edu.unipr.valdrin.finalandroidassignment"
        }
      },
      "oauth_client": [
        {
          "client_id": "712156099127-d4lgl3l7o56ut6m1iel6r05tlqvtr87h.apps.googleusercontent.com",
          "client_type": 3
        }
      ],
      "api_key": [
        {
          "current_key": "AIzaSyAfzk_RHshiRkURgPYiXqsuJgE2x93ndR4"
        }
      ],
      "services": {
        "appinvite_service": {
          "other_platform_oauth_client": [
            {
              "client_id": "712156099127-d4lgl3l7o56ut6m1iel6r05tlqvtr87h.apps.googleusercontent.com",
              "client_type": 3
            }
          ]
        }
      }
    }
  ],
  "configuration_version": "1"
}